model_type,xai_method,auc,precision,recall,mean_faithfulness,std_faithfulness,mean_completeness,mean_explanation_time
logistic,shap,0.8111979166666666,0.7227722772277227,0.7019230769230769,0.81,0.08,0.85,0.125
logistic,lime,0.8111979166666666,0.7227722772277227,0.7019230769230769,0.74,0.1,0.78,0.34
tree,shap,0.7221053685897436,0.6947368421052632,0.6346153846153846,0.78,0.08,0.82,0.11
tree,lime,0.7221053685897436,0.6947368421052632,0.6346153846153846,0.71,0.1,0.75,0.29
